loyalty_id,level,points
1,silver,5958
2,silver,8001
3,silver,9601
4,gold,4926
5,platinum,3644
6,platinum,1370
7,silver,2858
8,silver,7132
9,gold,4271
10,gold,4180
11,silver,8634
12,silver,9451
13,silver,427
14,gold,4997
15,gold,9125
16,platinum,9732
17,silver,356
18,platinum,8456
19,platinum,9459
20,gold,3082
21,gold,5224
22,silver,9314
23,gold,2660
24,silver,6275
25,gold,3903
26,gold,6119
27,gold,5661
28,silver,4742
29,gold,962
30,gold,1099
31,silver,7168
32,gold,8998
33,silver,8689
34,platinum,3357
35,platinum,5962
36,platinum,2668
37,silver,9908
38,platinum,7944
39,platinum,9895
40,silver,7527
41,platinum,7229
42,silver,1083
43,silver,6225
44,silver,2082
45,gold,4104
46,silver,3147
47,platinum,5655
48,silver,6210
49,silver,1213
50,silver,5035
51,gold,7651
52,gold,2531
53,gold,5775
54,gold,3642
55,silver,9055
56,silver,7813
57,silver,1154
58,silver,3406
59,platinum,2012
60,silver,6095
61,gold,681
62,silver,2987
63,gold,2286
64,platinum,8757
65,gold,5908
66,silver,7678
67,platinum,4695
68,platinum,3742
69,platinum,4670
70,silver,190
71,silver,5123
72,silver,4025
73,gold,2212
74,gold,1482
75,silver,8113
76,platinum,6104
77,silver,8822
78,gold,2089
79,gold,9013
80,platinum,4768
81,gold,4454
82,gold,5259
83,platinum,2635
84,silver,5464
85,silver,3375
86,platinum,1802
87,gold,3814
88,gold,2946
89,platinum,9692
90,platinum,3447
91,silver,5132
92,silver,7280
93,platinum,460
94,platinum,2774
95,platinum,4118
96,gold,473
97,gold,6972
98,platinum,4872
99,gold,1778
100,gold,2576
101,platinum,8072
102,silver,3421
103,platinum,4295
104,platinum,5669
105,silver,6927
106,platinum,8726
107,gold,418
108,gold,7441
109,gold,9266
110,gold,7218
111,gold,1014
112,gold,6656
113,platinum,8324
114,silver,6257
115,gold,8617
116,gold,1600
117,silver,9745
118,platinum,2605
119,gold,7814
120,platinum,4453
121,silver,1289
122,silver,5809
123,gold,6552
124,platinum,6951
125,gold,3578
126,silver,1000
127,silver,6386
128,platinum,9682
129,silver,1491
130,platinum,1431
131,platinum,9046
132,platinum,8355
133,gold,1293
134,silver,2071
135,silver,3179
136,platinum,639
137,platinum,2074
138,platinum,8524
139,silver,408
140,platinum,8280
141,platinum,110
142,gold,4602
143,silver,9707
144,platinum,8716
145,gold,206
146,platinum,8661
147,gold,1249
148,platinum,3843
149,silver,6693
150,silver,6622
151,silver,6029
152,silver,3232
153,platinum,2068
154,gold,6455
155,platinum,5004
156,silver,3235
157,gold,1092
158,platinum,3305
159,platinum,8106
160,silver,9289
161,platinum,3430
162,platinum,4460
163,platinum,636
164,gold,49
165,gold,8590
166,silver,6918
167,gold,7904
168,gold,2308
169,gold,2025
170,platinum,9716
171,silver,8665
172,silver,6137
173,platinum,87
174,platinum,2768
175,platinum,1001
176,platinum,2178
177,platinum,8941
178,platinum,5382
179,gold,1206
180,gold,3984
181,platinum,7409
182,gold,4270
183,gold,7962
184,silver,8788
185,gold,5440
186,platinum,6651
187,gold,946
188,platinum,9816
189,platinum,7315
190,platinum,8385
191,gold,7629
192,platinum,8068
193,silver,960
194,gold,3279
195,silver,4444
196,platinum,786
197,gold,6452
198,gold,3935
199,silver,5576
200,silver,1654
201,silver,3790
202,platinum,9393
203,gold,4022
204,silver,5589
205,gold,7987
206,gold,9376
207,platinum,3892
208,platinum,5814
209,gold,5008
210,silver,6638
211,gold,2930
212,platinum,5360
213,silver,1933
214,platinum,9958
215,platinum,5159
216,silver,4963
217,silver,3968
218,silver,6279
219,silver,5946
220,gold,1125
221,platinum,1236
222,gold,8818
223,silver,6178
224,platinum,5182
225,gold,50
226,gold,1573
227,gold,2716
228,platinum,5047
229,gold,860
230,platinum,1721
231,gold,3577
232,silver,6714
233,platinum,1004
234,platinum,5492
235,platinum,5543
236,gold,7293
237,silver,3438
238,platinum,7045
239,gold,9990
240,silver,5758
241,silver,5178
242,platinum,8291
243,silver,5786
244,silver,1647
245,platinum,108
246,platinum,4212
247,gold,7658
248,platinum,6876
249,platinum,4226
250,gold,524
251,platinum,3753
252,platinum,5856
253,platinum,5014
254,gold,7820
255,platinum,7195
256,platinum,9888
257,gold,4006
258,platinum,282
259,gold,3772
260,platinum,1808
261,silver,246
262,silver,7361
263,gold,9621
264,silver,5481
265,silver,8702
266,silver,6909
267,platinum,8858
268,gold,4945
269,gold,5881
270,silver,4156
271,gold,1383
272,gold,6419
273,platinum,2866
274,platinum,7356
275,gold,1685
276,gold,169
277,gold,9641
278,gold,7893
279,platinum,6674
280,platinum,5907
281,gold,7781
282,silver,434
283,platinum,1126
284,gold,5246
285,platinum,9752
286,platinum,1296
287,silver,3066
288,platinum,1932
289,platinum,3471
290,silver,2990
291,platinum,1491
292,silver,4858
293,platinum,834
294,gold,7972
295,silver,552
296,platinum,5312
297,platinum,7178
298,gold,4376
299,platinum,1208
300,platinum,1793
301,gold,6729
302,silver,52
303,silver,9343
304,platinum,8163
305,gold,7213
306,silver,32
307,silver,8636
308,silver,308
309,platinum,1940
310,silver,3781
311,gold,501
312,gold,852
313,platinum,2305
314,silver,316
315,silver,6427
316,gold,8526
317,platinum,5783
318,platinum,3419
319,gold,7712
320,silver,589
321,platinum,4820
322,silver,6378
323,silver,508
324,silver,7061
325,gold,9750
326,gold,2091
327,gold,6921
328,platinum,5631
329,silver,9400
330,platinum,7575
331,gold,5433
332,platinum,8615
333,gold,1258
334,gold,7054
335,silver,8484
336,silver,7878
337,platinum,6399
338,gold,93
339,silver,6544
340,silver,7582
341,gold,5566
342,gold,5798
343,platinum,1205
344,gold,1842
345,gold,665
346,silver,8213
347,silver,3427
348,silver,1176
349,silver,6890
350,gold,5583
351,gold,1396
352,silver,5425
353,platinum,1239
354,platinum,2436
355,silver,3887
356,gold,9653
357,silver,7788
358,platinum,6467
359,silver,3207
360,platinum,258
361,gold,8192
362,gold,4931
363,gold,958
364,platinum,4556
365,silver,5780
366,gold,3082
367,silver,1656
368,gold,8821
369,platinum,8412
370,platinum,3624
371,gold,7775
372,silver,7898
373,silver,8008
374,silver,2145
375,platinum,9181
376,silver,282
377,silver,4526
378,silver,8535
379,platinum,8167
380,gold,3396
381,silver,949
382,gold,5026
383,silver,8613
384,silver,1420
385,silver,9526
386,gold,6291
387,platinum,5746
388,platinum,4569
389,gold,2718
390,silver,142
391,gold,6311
392,gold,8335
393,silver,2541
394,platinum,3325
395,gold,555
396,gold,6089
397,platinum,9290
398,silver,4745
399,gold,1617
400,platinum,7051
401,gold,8831
402,gold,6929
403,gold,6602
404,gold,8332
405,platinum,8735
406,gold,7363
407,platinum,4913
408,platinum,9802
409,gold,2790
410,gold,3416
411,platinum,4982
412,platinum,9816
413,platinum,3874
414,platinum,5111
415,platinum,1346
416,silver,4853
417,silver,6936
418,silver,4945
419,platinum,8179
420,gold,657
421,platinum,1381
422,silver,3681
423,gold,7598
424,silver,2019
425,platinum,653
426,silver,1224
427,platinum,4623
428,platinum,1725
429,silver,9527
430,platinum,6608
431,gold,1758
432,platinum,8277
433,silver,2866
434,silver,7250
435,platinum,1342
436,silver,8103
437,silver,4428
438,gold,1017
439,silver,1788
440,gold,3240
441,platinum,2267
442,platinum,6137
443,platinum,3456
444,gold,2249
445,gold,5297
446,gold,2741
447,platinum,9447
448,gold,5523
449,gold,6279
450,platinum,3811
451,gold,9285
452,platinum,6915
453,platinum,3349
454,platinum,9656
455,gold,5632
456,platinum,7975
457,platinum,5452
458,platinum,7316
459,platinum,8062
460,gold,7699
461,silver,2850
462,platinum,3390
463,gold,988
464,silver,5270
465,silver,7304
466,gold,857
467,platinum,1104
468,platinum,5664
469,platinum,7880
470,silver,6986
471,platinum,8247
472,platinum,7608
473,platinum,6936
474,gold,6704
475,silver,1833
476,platinum,1473
477,gold,4593
478,gold,9985
479,platinum,150
480,gold,2636
481,platinum,5915
482,platinum,9772
483,gold,1767
484,gold,7270
485,gold,3244
486,silver,7777
487,gold,8257
488,silver,3516
489,silver,8552
490,platinum,902
491,platinum,3708
492,platinum,5820
493,platinum,4574
494,platinum,1090
495,platinum,9449
496,gold,8506
497,platinum,795
498,gold,9390
499,gold,3610
500,silver,8181
501,gold,3590
502,gold,7041
503,silver,5384
504,silver,9918
505,platinum,6250
506,gold,1294
507,gold,8427
508,platinum,2478
509,gold,4450
510,silver,7059
511,platinum,9171
512,platinum,6534
513,platinum,1444
514,platinum,8384
515,platinum,5816
516,platinum,1910
517,silver,314
518,silver,4099
519,gold,5253
520,silver,9720
521,platinum,3745
522,silver,5854
523,gold,1994
524,silver,8977
525,gold,1633
526,platinum,3286
527,silver,8527
528,platinum,1092
529,gold,2392
530,gold,4270
531,silver,2847
532,gold,2712
533,platinum,7525
534,gold,7347
535,platinum,4609
536,platinum,3209
537,gold,3816
538,platinum,8750
539,platinum,1931
540,silver,2277
541,gold,9484
542,platinum,1195
543,platinum,4644
544,platinum,825
545,silver,7141
546,gold,2720
547,gold,4543
548,platinum,3082
549,gold,7664
550,platinum,4414
551,platinum,6808
552,platinum,265
553,platinum,4440
554,gold,1765
555,gold,7565
556,silver,4818
557,gold,8406
558,silver,5511
559,gold,5839
560,silver,3608
561,gold,4595
562,gold,6558
563,silver,1403
564,gold,1222
565,silver,3171
566,platinum,9046
567,gold,4182
568,gold,8849
569,gold,891
570,gold,998
571,silver,8757
572,silver,6315
573,silver,5882
574,platinum,7634
575,platinum,1783
576,silver,7235
577,platinum,8396
578,platinum,5931
579,silver,6299
580,gold,5778
581,gold,6596
582,gold,9622
583,gold,8676
584,gold,3819
585,silver,2989
586,silver,5865
587,platinum,6647
588,silver,7469
589,gold,7287
590,silver,6781
591,gold,8705
592,silver,8027
593,gold,3621
594,silver,347
595,silver,3107
596,silver,8268
597,gold,321
598,platinum,8655
599,silver,9991
600,platinum,4092
601,gold,3605
602,silver,4282
603,gold,8238
604,platinum,9651
605,gold,4552
606,silver,8938
607,silver,1144
608,silver,4858
609,gold,4915
610,platinum,8774
611,platinum,8828
612,platinum,6684
613,silver,7494
614,gold,3258
615,gold,4338
616,gold,9867
617,platinum,4541
618,gold,4964
619,silver,2496
620,silver,9244
621,platinum,9700
622,gold,322
623,silver,5656
624,silver,2967
625,gold,2613
626,platinum,5277
627,platinum,9758
628,platinum,9281
629,platinum,4692
630,gold,5185
631,platinum,1623
632,silver,1910
633,gold,2479
634,platinum,316
635,gold,9876
636,gold,6620
637,platinum,6073
638,silver,8697
639,platinum,308
640,gold,3580
641,gold,6523
642,gold,8563
643,platinum,8882
644,platinum,3713
645,silver,2428
646,silver,3785
647,silver,8255
648,silver,1313
649,platinum,2201
650,silver,9031
651,silver,2703
652,silver,4031
653,silver,9607
654,gold,9250
655,gold,8997
656,gold,9915
657,silver,3621
658,silver,2324
659,silver,5832
660,gold,9807
661,platinum,3033
662,platinum,7477
663,platinum,5723
664,gold,4394
665,platinum,8785
666,gold,1165
667,gold,8062
668,gold,2560
669,gold,9133
670,silver,9467
671,gold,4084
672,gold,792
673,gold,4327
674,gold,3521
675,platinum,8891
676,platinum,3993
677,gold,7860
678,platinum,3834
679,platinum,7962
680,silver,1160
681,platinum,7277
682,silver,6929
683,gold,3206
684,platinum,3243
685,gold,2727
686,silver,8507
687,platinum,6999
688,silver,8601
689,gold,2693
690,gold,913
691,gold,7786
692,gold,6457
693,silver,1498
694,platinum,6243
695,platinum,391
696,gold,1727
697,platinum,9298
698,gold,6434
699,silver,7262
700,gold,2156
701,gold,4013
702,platinum,3950
703,platinum,3253
704,gold,6345
705,silver,997
706,gold,4066
707,platinum,5387
708,gold,6542
709,platinum,8263
710,gold,8872
711,platinum,7972
712,platinum,4254
713,platinum,498
714,platinum,7095
715,silver,4326
716,silver,8571
717,platinum,9046
718,platinum,6971
719,silver,4043
720,platinum,8234
721,silver,8529
722,silver,7646
723,silver,878
724,silver,1084
725,platinum,1432
726,silver,3237
727,gold,5305
728,silver,3149
729,gold,4099
730,gold,8826
731,gold,4989
732,gold,456
733,gold,7035
734,platinum,9062
735,platinum,1507
736,gold,7888
737,platinum,8204
738,silver,4125
739,silver,1291
740,platinum,7318
741,gold,9905
742,silver,4949
743,silver,6610
744,silver,7874
745,silver,5624
746,gold,6912
747,silver,7742
748,silver,9519
749,platinum,8686
750,platinum,5447
751,silver,3192
752,platinum,6293
753,platinum,4748
754,gold,5488
755,platinum,9045
756,gold,8719
757,platinum,1124
758,gold,5847
759,platinum,6832
760,silver,5189
761,gold,6494
762,gold,1882
763,platinum,4300
764,silver,7305
765,silver,3798
766,platinum,9355
767,silver,5725
768,gold,3763
769,silver,5886
770,gold,3053
771,gold,9318
772,platinum,1754
773,platinum,284
774,gold,7823
775,platinum,63
776,silver,3351
777,platinum,2199
778,silver,7473
779,platinum,2010
780,gold,7251
781,platinum,1460
782,silver,1397
783,gold,608
784,silver,8528
785,gold,8867
786,platinum,4276
787,platinum,7203
788,gold,5355
789,silver,9626
790,gold,6888
791,gold,9486
792,gold,7667
793,platinum,812
794,silver,7997
795,silver,7581
796,gold,9319
797,silver,956
798,platinum,7640
799,platinum,3517
800,silver,2710
801,platinum,9354
802,gold,5092
803,gold,9227
804,gold,7710
805,silver,1247
806,gold,2859
807,silver,838
808,gold,2414
809,silver,7509
810,platinum,5004
811,silver,3752
812,silver,5690
813,silver,1728
814,silver,8661
815,silver,2697
816,platinum,1540
817,silver,3509
818,platinum,4452
819,silver,6980
820,silver,54
821,silver,3125
822,gold,6196
823,gold,4914
824,gold,6833
825,silver,6064
826,gold,4911
827,platinum,1291
828,silver,9864
829,gold,2943
830,gold,5593
831,silver,183
832,gold,4027
833,silver,1173
834,silver,2543
835,gold,1412
836,gold,8515
837,gold,3415
838,silver,6938
839,platinum,3321
840,platinum,8359
841,silver,8982
842,platinum,4484
843,platinum,4211
844,platinum,3371
845,silver,5623
846,platinum,7337
847,silver,7316
848,gold,5528
849,silver,862
850,platinum,3651
851,gold,7497
852,silver,9283
853,silver,7216
854,silver,5250
855,gold,5200
856,silver,5603
857,platinum,4229
858,silver,4675
859,silver,5508
860,silver,5072
861,platinum,2144
862,gold,669
863,silver,77
864,silver,7080
865,gold,9591
866,platinum,6139
867,platinum,1543
868,platinum,6191
869,gold,1824
870,gold,846
871,gold,7113
872,platinum,2901
873,silver,5343
874,platinum,7256
875,silver,9752
876,platinum,4529
877,gold,2377
878,platinum,7996
879,gold,6155
880,gold,5560
881,platinum,2573
882,platinum,6974
883,silver,8365
884,platinum,7817
885,platinum,2126
886,platinum,8947
887,gold,8821
888,gold,8547
889,platinum,1043
890,silver,1394
891,gold,4607
892,silver,7946
893,silver,2256
894,platinum,2583
895,gold,4640
896,platinum,2467
897,gold,8329
898,platinum,4904
899,gold,4534
900,gold,9130
901,platinum,4269
902,silver,5265
903,platinum,1939
904,platinum,1890
905,silver,4363
906,gold,4499
907,gold,7639
908,silver,1910
909,gold,162
910,gold,9105
911,gold,8348
912,gold,643
913,silver,6853
914,gold,3921
915,gold,5873
916,silver,6029
917,silver,1445
918,gold,1638
919,platinum,3264
920,silver,3113
921,gold,2800
922,platinum,3012
923,gold,3005
924,silver,5420
925,silver,5275
926,platinum,5943
927,silver,3208
928,gold,1626
929,silver,5570
930,silver,9665
931,platinum,2083
932,gold,4524
933,platinum,5293
934,silver,6845
935,silver,5106
936,platinum,8308
937,gold,4665
938,platinum,2830
939,gold,7206
940,platinum,7328
941,gold,6903
942,gold,6053
943,silver,1587
944,gold,6119
945,platinum,7203
946,platinum,541
947,silver,1119
948,silver,9023
949,platinum,8726
950,silver,6603
951,platinum,23
952,silver,7325
953,gold,5054
954,silver,8080
955,platinum,724
956,silver,8172
957,silver,30
958,gold,4703
959,silver,1614
960,gold,4703
961,silver,844
962,silver,4981
963,gold,2135
964,platinum,2359
965,platinum,4993
966,gold,3540
967,gold,1816
968,silver,9877
969,silver,5399
970,platinum,1941
971,platinum,1015
972,silver,6278
973,silver,7389
974,platinum,2050
975,gold,5709
976,silver,770
977,gold,7594
978,silver,5039
979,gold,874
980,silver,5459
981,silver,201
982,gold,4521
983,gold,4523
984,gold,3157
985,gold,2180
986,platinum,7977
987,platinum,7999
988,silver,5228
989,silver,5113
990,gold,2426
991,platinum,3840
992,silver,9543
993,silver,2275
994,silver,7416
995,gold,6892
996,gold,9677
997,gold,3905
998,gold,3571
999,silver,3063
1000,platinum,8866
1001,gold,1195
1002,gold,9694
1003,platinum,6650
1004,platinum,28
1005,platinum,4234
1006,platinum,3208
1007,gold,9125
1008,gold,8920
1009,platinum,5244
1010,gold,5758
1011,gold,1605
1012,gold,9698
1013,silver,2159
1014,silver,8292
1015,platinum,1625
1016,gold,2124
1017,platinum,4600
1018,platinum,4982
1019,silver,3657
1020,silver,2364
1021,gold,2036
1022,platinum,7414
1023,gold,6187
1024,platinum,8954
1025,silver,6328
1026,gold,6297
1027,gold,8268
1028,gold,6074
1029,gold,978
1030,platinum,1927
1031,platinum,1093
1032,gold,8477
1033,platinum,3435
1034,gold,8520
1035,silver,2873
1036,platinum,7320
1037,silver,3367
1038,platinum,1668
1039,gold,6180
1040,silver,7650
1041,silver,3272
1042,silver,6609
1043,platinum,2284
1044,platinum,8761
1045,gold,1061
1046,silver,1626
1047,platinum,2725
1048,gold,670
1049,silver,6747
1050,platinum,7256
1051,platinum,742
1052,gold,3901
1053,silver,9888
1054,platinum,9686
1055,silver,1074
1056,gold,2801
1057,platinum,1063
1058,silver,6278
1059,platinum,6020
1060,platinum,3309
1061,silver,3395
1062,gold,4806
1063,silver,7648
1064,gold,2425
1065,silver,3465
1066,silver,7993
1067,gold,7694
1068,silver,8262
1069,gold,8578
1070,gold,256
1071,platinum,1404
1072,platinum,5281
1073,platinum,7686
1074,silver,2422
1075,silver,3766
1076,gold,9404
1077,gold,6256
1078,gold,3107
1079,silver,7069
1080,platinum,6540
1081,gold,2063
1082,gold,2377
1083,platinum,6714
1084,gold,3006
1085,platinum,2957
1086,gold,4836
1087,gold,8142
1088,platinum,2723
1089,gold,2945
1090,silver,7952
1091,silver,2186
1092,silver,4640
1093,gold,9415
1094,silver,3990
1095,platinum,1243
1096,silver,9946
1097,platinum,8417
1098,platinum,1484
1099,platinum,2928
1100,platinum,576
1101,platinum,8658
1102,gold,5764
1103,gold,6139
1104,silver,8405
1105,platinum,9333
1106,silver,1994
1107,silver,9307
1108,platinum,7154
1109,silver,1121
1110,platinum,8270
1111,platinum,7495
1112,gold,1353
1113,silver,2932
1114,platinum,6303
1115,platinum,9318
1116,platinum,4935
1117,gold,8716
1118,platinum,2939
1119,silver,4147
1120,platinum,862
1121,gold,2086
1122,gold,1477
1123,platinum,5597
1124,platinum,7272
1125,platinum,6627
1126,silver,7299
1127,silver,4414
1128,platinum,7365
1129,gold,4914
1130,platinum,9254
1131,gold,4389
1132,silver,4982
1133,silver,1722
1134,gold,392
1135,gold,4766
1136,silver,114
1137,gold,3951
1138,silver,9566
1139,platinum,2485
1140,silver,9918
1141,gold,8677
1142,platinum,4968
1143,platinum,5057
1144,gold,4324
1145,platinum,8419
1146,gold,5624
1147,gold,2939
1148,platinum,380
1149,silver,2377
1150,silver,2530
1151,silver,8780
1152,gold,6626
1153,gold,7999
1154,silver,3273
1155,silver,8870
1156,platinum,7771
1157,silver,7120
1158,gold,7675
1159,gold,2460
1160,platinum,3204
1161,gold,3893
1162,silver,9495
1163,platinum,812
1164,gold,3252
1165,platinum,8098
1166,platinum,5616
1167,gold,9230
1168,silver,5795
1169,gold,8991
1170,platinum,4185
1171,platinum,7166
1172,platinum,9893
1173,gold,3773
1174,silver,6660
1175,platinum,9635
1176,silver,6996
1177,gold,5818
1178,platinum,2628
1179,silver,7154
1180,silver,96
1181,platinum,9869
1182,gold,8925
1183,gold,1511
1184,platinum,9199
1185,gold,8942
1186,silver,8457
1187,silver,9967
1188,platinum,1734
1189,platinum,5925
1190,gold,3033
1191,platinum,5044
1192,gold,3069
1193,silver,6897
1194,gold,1214
1195,silver,3795
1196,silver,2109
1197,silver,2905
1198,silver,7200
1199,gold,9486
1200,gold,6340
1201,silver,5401
1202,silver,9935
1203,silver,3625
1204,platinum,92
1205,platinum,9562
1206,gold,366
1207,silver,4691
1208,platinum,7754
1209,silver,2995
1210,gold,5527
1211,gold,1174
1212,gold,7615
1213,platinum,3749
1214,platinum,8989
1215,silver,6931
1216,platinum,9381
1217,silver,588
1218,gold,8023
1219,silver,3578
1220,silver,2047
1221,platinum,5049
1222,gold,6797
1223,gold,2546
1224,gold,5075
1225,silver,7024
1226,gold,7239
1227,gold,5495
1228,silver,2499
1229,platinum,1504
1230,platinum,2785
1231,silver,1881
1232,platinum,1003
1233,gold,9263
1234,gold,6197
1235,gold,1348
1236,silver,7953
1237,gold,9382
1238,silver,9168
1239,silver,288
1240,gold,146
1241,gold,8698
1242,gold,8728
1243,silver,9619
1244,silver,4125
1245,platinum,766
1246,silver,7891
1247,gold,6016
1248,silver,8252
1249,silver,6503
1250,gold,7562
1251,platinum,7335
1252,gold,354
1253,silver,5595
1254,silver,9802
1255,gold,2370
1256,gold,3759
1257,gold,7829
1258,gold,8402
1259,platinum,923
1260,platinum,9838
1261,platinum,4849
1262,platinum,545
1263,platinum,9116
1264,platinum,5146
1265,platinum,9952
1266,platinum,7942
1267,silver,9686
1268,silver,2388
1269,silver,5906
1270,silver,700
1271,gold,2191
1272,silver,6218
1273,silver,7851
1274,silver,431
1275,platinum,3005
1276,gold,3866
1277,gold,4067
1278,silver,5477
1279,platinum,2458
1280,silver,478
1281,gold,2769
1282,silver,4028
1283,silver,7365
1284,platinum,566
1285,silver,9960
1286,platinum,6743
1287,silver,3851
1288,gold,9609
1289,gold,9279
1290,gold,9854
1291,silver,3211
1292,platinum,7744
1293,platinum,3894
1294,gold,3391
1295,platinum,8921
1296,platinum,2745
1297,gold,6473
1298,silver,9288
1299,gold,664
1300,gold,1927
1301,silver,2199
1302,gold,827
1303,gold,4879
1304,silver,4345
1305,gold,8446
1306,silver,8935
1307,platinum,2156
1308,silver,5591
1309,gold,2003
1310,platinum,1387
1311,silver,6213
1312,gold,6520
1313,silver,4447
1314,silver,7252
1315,silver,2305
1316,gold,1761
1317,silver,8520
1318,platinum,6808
1319,gold,8553
1320,gold,7141
1321,silver,6102
1322,platinum,5734
1323,gold,8049
1324,platinum,5467
1325,silver,7978
1326,gold,4382
1327,silver,2585
1328,platinum,5509
1329,silver,6001
1330,platinum,2769
1331,silver,3819
1332,gold,1811
1333,platinum,632
1334,platinum,4929
1335,silver,6885
1336,silver,888
1337,gold,32
1338,platinum,5844
1339,platinum,4909
1340,gold,8333
1341,platinum,7984
1342,platinum,4390
1343,silver,8534
1344,platinum,9795
1345,silver,5581
1346,gold,7324
1347,gold,953
1348,platinum,6596
1349,silver,6538
1350,platinum,9367
1351,gold,746
1352,silver,3910
1353,silver,1329
1354,gold,6371
1355,silver,5100
1356,gold,2254
1357,platinum,2301
1358,silver,4966
1359,platinum,76
1360,platinum,1829
1361,platinum,174
1362,gold,8701
1363,platinum,3480
1364,gold,4869
1365,platinum,3115
1366,silver,9234
1367,gold,8970
1368,gold,8801
1369,gold,2625
1370,silver,8248
1371,gold,3115
1372,gold,6602
1373,platinum,5917
1374,gold,9667
1375,silver,2026
1376,gold,4305
1377,gold,3614
1378,platinum,5903
1379,platinum,7476
1380,platinum,3757
1381,gold,2425
1382,platinum,8550
1383,silver,1770
1384,gold,7241
1385,silver,4064
1386,silver,973
1387,silver,260
1388,platinum,6936
1389,silver,4415
1390,silver,3531
1391,platinum,2745
1392,platinum,1826
1393,platinum,3273
1394,platinum,1324
1395,platinum,6033
1396,silver,8963
1397,gold,8625
1398,platinum,3526
1399,gold,179
1400,silver,1943
1401,platinum,5473
1402,silver,2258
1403,silver,3582
1404,silver,8309
1405,silver,9424
1406,silver,2350
1407,gold,1919
1408,gold,1757
1409,silver,8092
1410,silver,295
1411,silver,9112
1412,platinum,6225
1413,gold,1492
1414,platinum,5224
1415,platinum,7709
1416,silver,882
1417,platinum,956
1418,platinum,2891
1419,gold,4326
1420,silver,3971
1421,platinum,2219
1422,gold,8710
1423,silver,2536
1424,gold,6396
1425,silver,1642
1426,gold,3246
1427,silver,304
1428,silver,3425
1429,silver,5744
1430,silver,564
1431,platinum,5124
1432,silver,2616
1433,platinum,2546
1434,platinum,2664
1435,gold,1023
1436,silver,4191
1437,gold,9986
1438,platinum,8497
1439,platinum,4249
1440,platinum,6247
1441,gold,8111
1442,gold,2326
1443,gold,8101
1444,silver,1872
1445,gold,2990
1446,silver,5195
1447,gold,9423
1448,platinum,5533
1449,gold,5612
1450,platinum,7772
1451,silver,6620
1452,gold,163
1453,gold,4071
1454,platinum,1252
1455,gold,3645
1456,gold,5081
1457,platinum,5488
1458,gold,8780
1459,gold,7572
1460,gold,8499
1461,platinum,7952
1462,silver,7813
1463,silver,7860
1464,gold,2435
1465,gold,1713
1466,gold,8333
1467,silver,877
1468,gold,4746
1469,platinum,9955
1470,platinum,8346
1471,gold,7474
1472,gold,5782
1473,silver,440
1474,gold,7937
1475,platinum,3382
1476,platinum,8723
1477,platinum,6295
1478,silver,5880
1479,gold,126
1480,platinum,4790
1481,gold,6623
1482,platinum,6948
1483,platinum,631
1484,silver,8567
1485,silver,7391
1486,gold,3956
1487,gold,2716
1488,silver,805
1489,gold,1038
1490,platinum,7602
1491,gold,6930
1492,gold,8583
1493,gold,1310
1494,silver,907
1495,silver,9667
1496,platinum,9251
1497,gold,7471
1498,platinum,7459
1499,platinum,2085
1500,platinum,2706
1501,silver,8370
1502,silver,298
1503,gold,2866
1504,silver,4199
1505,gold,184
1506,platinum,2557
1507,silver,7528
1508,platinum,1038
1509,platinum,6779
1510,gold,205
1511,platinum,3996
1512,platinum,5597
1513,silver,8700
1514,platinum,693
1515,silver,920
1516,platinum,6441
1517,silver,3676
1518,platinum,6212
1519,gold,9994
1520,platinum,1305
1521,platinum,6511
1522,platinum,6082
1523,platinum,9612
1524,silver,4581
1525,gold,8763
1526,platinum,8851
1527,silver,2239
1528,gold,223
1529,silver,7402
1530,silver,2120
1531,gold,9035
1532,silver,7803
1533,gold,7319
1534,silver,6104
1535,gold,5919
1536,platinum,1679
1537,platinum,6765
1538,platinum,5663
1539,silver,7867
1540,platinum,8376
1541,silver,8156
1542,platinum,2187
1543,platinum,9653
1544,gold,600
1545,gold,620
1546,platinum,2019
1547,silver,821
1548,platinum,9428
1549,silver,1650
1550,platinum,6152
1551,gold,4345
1552,silver,2030
1553,silver,7207
1554,platinum,9454
1555,gold,1318
1556,silver,5586
1557,silver,6007
1558,gold,772
1559,gold,6929
1560,platinum,127
1561,gold,33
1562,platinum,2943
1563,gold,9035
1564,platinum,7723
1565,platinum,498
1566,platinum,7053
1567,platinum,4472
1568,gold,7142
1569,silver,5178
1570,platinum,2355
1571,gold,2852
1572,gold,1583
1573,silver,263
1574,silver,1541
1575,gold,6137
1576,silver,5420
1577,platinum,5591
1578,platinum,7212
1579,gold,52
1580,silver,1009
1581,silver,3108
1582,gold,1039
1583,gold,7172
1584,silver,3780
1585,platinum,5194
1586,gold,7174
1587,gold,8142
1588,silver,1070
1589,silver,3305
1590,silver,9748
1591,silver,9080
1592,platinum,343
1593,platinum,5010
1594,platinum,3935
1595,platinum,4138
1596,gold,3981
1597,platinum,2537
1598,platinum,5151
1599,gold,4314
1600,silver,6247
1601,platinum,4466
1602,platinum,5432
1603,silver,7961
1604,platinum,1433
1605,silver,7887
1606,silver,3665
1607,platinum,5641
1608,platinum,8122
1609,gold,1297
1610,gold,2748
1611,gold,4496
1612,gold,9578
1613,silver,9946
1614,silver,2691
1615,platinum,6248
1616,platinum,4426
1617,silver,2424
1618,platinum,9967
1619,gold,6675
1620,gold,468
1621,silver,9088
1622,silver,4089
1623,gold,5643
1624,gold,6965
1625,gold,4335
1626,gold,3250
1627,silver,2195
1628,gold,6513
1629,platinum,1135
1630,platinum,6430
1631,silver,131
1632,silver,1469
1633,gold,5980
1634,platinum,9677
1635,platinum,4240
1636,platinum,5759
1637,gold,2515
1638,platinum,9782
1639,silver,317
1640,gold,2757
1641,gold,7209
1642,platinum,7873
1643,gold,7689
1644,gold,1701
1645,silver,4872
1646,silver,301
1647,gold,6989
1648,gold,9119
1649,silver,1896
1650,gold,8295
1651,silver,4538
1652,platinum,2026
1653,gold,8614
1654,gold,3712
1655,platinum,215
1656,silver,3521
1657,gold,8682
1658,silver,453
1659,platinum,8877
1660,silver,2663
1661,gold,6445
1662,gold,7552
1663,gold,5643
1664,platinum,9583
1665,gold,6578
1666,silver,2612
1667,gold,2032
1668,gold,3536
1669,gold,9407
1670,silver,7630
1671,platinum,4629
1672,gold,837
1673,gold,5284
1674,silver,2808
1675,silver,6954
1676,platinum,1004
1677,gold,8948
1678,platinum,3466
1679,gold,3920
1680,gold,8092
1681,gold,1702
1682,platinum,607
1683,silver,1593
1684,gold,6583
1685,silver,2501
1686,gold,7201
1687,platinum,885
1688,silver,7913
1689,platinum,8758
1690,platinum,7751
1691,gold,7942
1692,platinum,1855
1693,silver,2112
1694,gold,1175
1695,platinum,9671
1696,silver,23
1697,platinum,3065
1698,platinum,4265
1699,platinum,6299
1700,platinum,5854
1701,platinum,2449
1702,platinum,1202
1703,gold,990
1704,silver,4099
1705,platinum,4774
1706,silver,8403
1707,gold,7538
1708,platinum,7157
1709,silver,1863
1710,platinum,2096
1711,gold,6037
1712,platinum,1225
1713,gold,3706
1714,silver,6852
1715,platinum,5254
1716,platinum,7341
1717,silver,6110
1718,platinum,8163
1719,gold,538
1720,gold,2298
1721,silver,880
1722,gold,7352
1723,gold,8576
1724,silver,3356
1725,gold,9224
1726,silver,5834
1727,silver,5078
1728,gold,8073
1729,silver,1593
1730,silver,8721
1731,platinum,2579
1732,platinum,2764
1733,silver,4540
1734,platinum,6969
1735,gold,7233
1736,platinum,6509
1737,platinum,2238
1738,silver,5622
1739,silver,5484
1740,gold,4235
1741,platinum,2122
1742,gold,4295
1743,platinum,774
1744,platinum,7553
1745,silver,9438
1746,platinum,7923
1747,gold,4356
1748,gold,4967
1749,gold,2349
1750,silver,6108
1751,silver,3890
1752,platinum,4377
1753,platinum,184
1754,gold,2672
1755,silver,8771
1756,silver,5900
1757,silver,3193
1758,gold,3256
1759,gold,4281
1760,platinum,6217
1761,silver,4499
1762,platinum,300
1763,gold,9329
1764,silver,8092
1765,gold,8421
1766,gold,7164
1767,silver,1707
1768,platinum,3665
1769,platinum,4115
1770,silver,5752
1771,silver,7704
1772,silver,3550
1773,silver,5364
1774,platinum,4973
1775,gold,9242
1776,platinum,1854
1777,silver,6287
1778,gold,2682
1779,gold,1655
1780,gold,5623
1781,silver,4572
1782,platinum,8216
1783,gold,7900
1784,platinum,5130
1785,gold,564
1786,gold,4683
1787,silver,1481
1788,gold,4287
1789,platinum,9766
1790,platinum,476
1791,gold,7711
1792,gold,4554
1793,platinum,5259
1794,silver,9894
1795,silver,4477
1796,silver,7918
1797,gold,8222
1798,platinum,7414
1799,gold,1338
1800,gold,4486
1801,gold,9830
1802,gold,188
1803,gold,4324
1804,gold,5310
1805,gold,3125
1806,silver,6957
1807,silver,3076
1808,silver,2793
1809,silver,4700
1810,gold,8208
1811,platinum,9841
1812,platinum,9004
1813,platinum,9068
1814,gold,3765
1815,silver,3104
1816,platinum,3646
1817,silver,6697
1818,gold,2974
1819,platinum,3148
1820,gold,5894
1821,platinum,1432
1822,silver,7304
1823,silver,1856
1824,gold,6091
1825,gold,3543
1826,gold,9369
1827,gold,5967
1828,silver,6678
1829,silver,4132
1830,platinum,6481
1831,silver,2478
1832,platinum,1258
1833,silver,3411
1834,gold,471
1835,platinum,7508
1836,platinum,9097
1837,silver,5193
1838,platinum,1505
1839,silver,2672
1840,platinum,5580
1841,silver,7481
1842,gold,7206
1843,gold,7197
1844,silver,9945
1845,silver,1747
1846,gold,7661
1847,silver,9151
1848,gold,202
1849,gold,8571
1850,silver,7350
1851,silver,5908
1852,silver,5024
1853,silver,701
1854,silver,7998
1855,platinum,7335
1856,platinum,3462
1857,silver,8415
1858,silver,7843
1859,silver,6320
1860,silver,3851
1861,silver,7270
1862,platinum,2906
1863,gold,2719
1864,platinum,635
1865,silver,5797
1866,platinum,8103
1867,silver,4269
1868,gold,4536
1869,silver,8476
1870,silver,6884
1871,gold,8752
1872,platinum,8654
1873,silver,405
1874,gold,2665
1875,gold,8798
1876,platinum,7380
1877,platinum,8056
1878,gold,9206
1879,gold,6457
1880,gold,6156
1881,platinum,6644
1882,silver,7063
1883,platinum,456
1884,platinum,7572
1885,platinum,542
1886,gold,6842
1887,platinum,1066
1888,silver,2464
1889,gold,567
1890,platinum,7984
1891,platinum,7699
1892,silver,9190
1893,platinum,517
1894,gold,5182
1895,gold,4158
1896,platinum,3093
1897,platinum,4886
1898,platinum,1319
1899,silver,2532
1900,platinum,7423
1901,gold,4837
1902,platinum,5520
1903,gold,874
1904,silver,7190
1905,gold,762
1906,gold,7080
1907,platinum,3735
1908,silver,9368
1909,gold,1386
1910,silver,7777
1911,silver,5374
1912,gold,1921
1913,gold,5713
1914,silver,342
1915,gold,2745
1916,gold,5026
1917,silver,8421
1918,gold,4226
1919,gold,3469
1920,silver,3287
1921,silver,2943
1922,platinum,4443
1923,silver,7834
1924,gold,6367
1925,platinum,5100
1926,silver,8021
1927,platinum,8815
1928,silver,1194
1929,silver,6543
1930,silver,3930
1931,platinum,3277
1932,silver,7445
1933,gold,5622
1934,silver,3155
1935,platinum,3467
1936,platinum,1782
1937,silver,4172
1938,platinum,3572
1939,silver,8673
1940,platinum,7891
1941,gold,2820
1942,silver,4350
1943,platinum,6390
1944,gold,7142
1945,platinum,6190
1946,platinum,1256
1947,silver,7429
1948,platinum,4003
1949,silver,8705
1950,platinum,5478
1951,platinum,2988
1952,silver,7737
1953,gold,4196
1954,gold,3869
1955,platinum,7110
1956,gold,1519
1957,silver,8042
1958,platinum,835
1959,gold,785
1960,platinum,9630
1961,platinum,2855
1962,platinum,9767
1963,silver,1039
1964,platinum,1387
1965,gold,65
1966,silver,6834
1967,platinum,7829
1968,silver,9509
1969,silver,7086
1970,gold,1082
1971,gold,8770
1972,gold,4543
1973,gold,7643
1974,platinum,832
1975,platinum,1729
1976,gold,1982
1977,gold,9271
1978,platinum,235
1979,gold,3821
1980,platinum,6427
1981,silver,4373
1982,silver,9047
1983,platinum,5907
1984,gold,6206
1985,silver,9291
1986,platinum,782
1987,platinum,3694
1988,silver,174
1989,silver,3733
1990,platinum,1051
1991,platinum,8751
1992,silver,7646
1993,gold,2414
